{
    "class_names": [
        "LUCEOFF_log-09-26_08-33-59-33",
        "LUCEONlog-09-26_08-46-47-46"
    ],
    "commit": "566a9765",
    "compilation_date": "2023-09-26T09:30:15.750577",
    "compilation_flags": {
        "float_abi": "hard",
        "fshort_enums": false,
        "short_wchar": false
    },
    "compilation_str": "{'compilation_dict':{'api':{'env':'PROD','version':'v3'},'version':{'web_api':{'env':'PROD','version':'v3'},'local_api':{'version':'2023.08.29.0','platform':'win64'},'studio':'3.4.2'},'combination':[0,[0,1,25,26,17,4,2,9,10,11,12,13,14,15,3,16,18,19,20,21,22,23,24,5,6,7,8],27,0,100,64,3,0,0,6,2,0,0.0,0.0,1000000.0,0,0,0,0,0],'compilation_type':'classifier','compilation_flags':{'float_abi':'hard','short_wchar':false,'fshort_enums':false,'use_knowledge':false},'mcu':'cortex-m4_st_stm32f4_stm32f469i-disco','sensor':'multiGeneric','data':{'nb_cols':384,'nb_lines':[[20,20]]},'only_emulators':false,'lock_type':100,'lib_version':'v2_566a976','class_names':'LUCEOFF_log-09-26_08-33-59-33,LUCEONlog-09-26_08-46-47-46','performance':{'performance':{'score':0.9998,'precision':1.0,'precision_confidence_interval':[0.6921,1.0]},'memory_usage':{'estimated_ram':544,'estimated_flash':324,'estimated_flash_knowledge':null}},'info':{'progression':{'evals_done':160000,'optimization_progress':1.0,'elapsed_time':559,'cpu_info':{'cpu_nb_cores':8,'cpu_nb_cores_for_optimization':6}},'max_ram':32000,'max_flash':null}},'sign':38516,'license_key':'***'}",
    "compilation_type": "classifier",
    "compile_emulators": true,
    "compile_library": true,
    "data": {
        "nb_cols": 384,
        "nb_lines": [
            [
                20,
                20
            ]
        ]
    },
    "gcc_version": "arm-none-eabi-gcc (GNU Tools for Arm Embedded Processors 9-2019-q4-major) 9.2.1 20191025 (release) [ARM/arm-9-branch revision 277599]",
    "learning_min_lines": null,
    "lib_limited": true,
    "library_id": "6512a4a959e9e0e2a9d5b9a1",
    "library_md5sum": "01dde02f399871eb7bd386db6dbf2829",
    "mcu": "cortex-m4_st_stm32f4_stm32f469i-disco",
    "mcu_cpn": "STM32F469I-DISCO",
    "mcu_family": "STM32F4",
    "mcu_type": "cortex-m4",
    "memory_usage": {
        "flash": 1226,
        "ram": 523
    },
    "optimization_info": {
        "max_flash": null,
        "max_ram": 32000,
        "progression": {
            "cpu_info": {
                "cpu_nb_cores": 8,
                "cpu_nb_cores_for_optimization": 6
            },
            "elapsed_time": 559,
            "evals_done": 160000,
            "optimization_progress": 1.0
        }
    },
    "performance": {
        "memory_usage": {
            "estimated_flash": 324,
            "estimated_flash_knowledge": null,
            "estimated_ram": 544
        },
        "performance": {
            "precision": 1.0,
            "precision_confidence_interval": [
                0.6921,
                1.0
            ],
            "score": 0.9998
        }
    },
    "sensor": "multiGeneric",
    "studio_info": {
        "local_api": {
            "platform": "win64",
            "version": "2023.08.29.0"
        },
        "studio": "3.4.2",
        "web_api": {
            "env": "PROD",
            "version": "v3"
        }
    },
    "user_info": {
        "company": "Supsi-Isea",
        "email": "roberto.robortella@supsi.ch",
        "first_name": "Roberto",
        "last_name": "Robortella"
    }
}