{
    "commit": "566a9765",
    "compilation_date": "2023-09-26T07:56:14.654912",
    "compilation_flags": {
        "float_abi": "hard",
        "fshort_enums": false,
        "short_wchar": false
    },
    "compilation_str": "{'compilation_dict':{'api':{'env':'PROD','version':'v3'},'version':{'web_api':{'env':'PROD','version':'v3'},'local_api':{'version':'2023.08.29.0','platform':'win64'},'studio':'3.4.2'},'combination':[0,[],0,0,100,64,0,2,6,0,0.0,0.0,1000000.0,1,0,1,0,0,3],'compilation_type':'outlier','compilation_flags':{'float_abi':'hard','short_wchar':false,'fshort_enums':false,'use_knowledge':false},'mcu':'cortex-m4_st_stm32f4_stm32f469i-disco','sensor':'multiGeneric','data':{'nb_cols':384,'nb_lines':[[20]]},'only_emulators':false,'lock_type':100,'lib_version':'v2_566a976','class_names':'nominal','performance':{'performance':{'score':0.5024,'precision':0.7688,'precision_confidence_interval':[0.4264,0.9525]},'memory_usage':{'estimated_ram':2269,'estimated_flash':3248,'estimated_flash_knowledge':null}},'info':{'progression':{'evals_done':50000,'optimization_progress':1.0,'elapsed_time':239,'cpu_info':{'cpu_nb_cores':8,'cpu_nb_cores_for_optimization':6}},'max_ram':32000,'max_flash':null}},'sign':34972,'license_key':'***'}",
    "compilation_type": "outlier",
    "compile_emulators": true,
    "compile_library": true,
    "data": {
        "nb_cols": 384,
        "nb_lines": [
            [
                20
            ]
        ]
    },
    "gcc_version": "arm-none-eabi-gcc (GNU Tools for Arm Embedded Processors 9-2019-q4-major) 9.2.1 20191025 (release) [ARM/arm-9-branch revision 277599]",
    "learning_min_lines": null,
    "lib_limited": true,
    "library_id": "65128ea059e9e0e2a9d5b932",
    "library_md5sum": "94e332f0d4dd0e1a2fb48123acb7f5c1",
    "mcu": "cortex-m4_st_stm32f4_stm32f469i-disco",
    "mcu_cpn": "STM32F469I-DISCO",
    "mcu_family": "STM32F4",
    "mcu_type": "cortex-m4",
    "memory_usage": {
        "flash": 3030,
        "ram": 2265
    },
    "optimization_info": {
        "max_flash": null,
        "max_ram": 32000,
        "progression": {
            "cpu_info": {
                "cpu_nb_cores": 8,
                "cpu_nb_cores_for_optimization": 6
            },
            "elapsed_time": 239,
            "evals_done": 50000,
            "optimization_progress": 1.0
        }
    },
    "performance": {
        "memory_usage": {
            "estimated_flash": 3248,
            "estimated_flash_knowledge": null,
            "estimated_ram": 2269
        },
        "performance": {
            "precision": 0.7688,
            "precision_confidence_interval": [
                0.4264,
                0.9525
            ],
            "score": 0.5024
        }
    },
    "sensor": "multiGeneric",
    "studio_info": {
        "local_api": {
            "platform": "win64",
            "version": "2023.08.29.0"
        },
        "studio": "3.4.2",
        "web_api": {
            "env": "PROD",
            "version": "v3"
        }
    },
    "user_info": {
        "company": "Supsi-Isea",
        "email": "roberto.robortella@supsi.ch",
        "first_name": "Roberto",
        "last_name": "Robortella"
    }
}